Date,Open,High,Low,Close,Volume,Dividends,Stock Splits
2020-01-02,71.6270995236096,72.68129646149221,71.37322569622376,72.620849609375,135480400,0.0,0.0
2020-01-03,71.84713288403621,72.67646199266805,71.6899725313061,71.91483306884766,146322800,0.0,0.0
2020-01-06,71.03473181192003,72.52655613732102,70.78327081623632,72.48786926269531,118387200,0.0,0.0
2020-01-07,72.49752175701711,72.75381577050801,71.9269071243437,72.14693450927734,108872000,0.0,0.0
2020-01-08,71.84956279882242,73.60977521981566,71.84956279882242,73.30754089355469,132079200,0.0,0.0
2020-01-09,74.28674867142341,75.05805096656148,74.03529512111521,74.8646240234375,170108400,0.0,0.0
2020-01-10,75.0991465547697,75.59964810131231,74.53094485063419,75.03385925292969,140644800,0.0,0.0
2020-01-13,75.35062150930146,76.66352519200935,75.23214067732687,76.63692474365234,121532000,0.0,0.0
2020-01-14,76.57406362681236,76.78441745974806,75.47876712733354,75.6020736694336,161954400,0.0,0.0
2020-01-15,75.40139008732662,76.28391248020361,74.84527472915032,75.278076171875,121923600,0.0,0.0
2020-01-16,75.82209118249474,76.33226630764163,75.45941017193344,76.22103881835938,108829200,0.0,0.0
2020-01-17,76.4700857814728,77.06730085653118,76.16301849026416,77.06488800048828,137816400,0.0,0.0
2020-01-21,76.69251711941031,77.13498464815184,76.40478963144653,76.54261016845703,110843200,0.0,0.0
2020-01-22,77.02861598860008,77.36953706088629,76.7215486894379,76.81584930419922,101832400,0.0,0.0
2020-01-23,76.86903492947071,77.26556233295065,76.32017294133449,77.18577575683594,104472000,0.0,0.0
2020-01-24,77.43240119345582,78.17710300745777,76.772319051517,76.96333312988281,146537600,0.0,0.0
2020-01-27,74.96859866575934,75.38205304274135,73.71614173787451,74.7002182006836,161940000,0.0,0.0
2020-01-28,75.58272644118536,76.9850901077203,75.48359274307904,76.81342315673828,162234000,0.0,0.0
2020-01-29,78.44790323902978,79.26997869647961,77.70561435491118,78.42130279541016,216229200,0.0,0.0
2020-01-30,77.50252948730524,78.36087174184341,77.06972800749904,78.30767822265625,126743200,0.0,0.0
2020-01-31,77.59683282419269,78.01996079771159,74.54064375527754,74.83562469482422,199588400,0.0,0.0
2020-02-03,73.57590710330668,75.79793402750128,73.07299252901737,74.6301040649414,173788400,0.0,0.0
2020-02-04,76.23798834153754,77.28493196834982,75.83178725999309,77.09391784667969,136616400,0.0,0.0
2020-02-05,78.22305134186004,78.52287271376575,77.11808861152979,77.7225570678711,118826800,0.0,0.0
2020-02-06,77.9933381396351,78.63407306645281,77.43481001675215,78.63165283203125,105425600,0.0,0.0
2020-02-07,78.12998293153962,78.37961468469555,77.07086561575886,77.56285858154297,117684000,0.1925,0.0
2020-02-10,76.14502805818842,77.93122863769531,76.0650521291358,77.93122863769531,109348800,0.0,0.0
2020-02-11,78.42807033835727,78.50077572551376,77.24292075377855,77.46104431152344,94323200,0.0,0.0
2020-02-12,77.91186562118695,79.30544270651585,77.91186562118695,79.30059814453125,113730400,0.0,0.0
2020-02-13,78.57110461163032,79.06309771829142,78.36752202228222,78.73590850830078,94747600,0.0,0.0
2020-02-14,78.70436311176876,79.0048959887249,78.24630435157947,78.75526428222656,80113600,0.0,0.0
2020-02-18,76.43101890919421,77.494988049833,76.24924802244713,77.31321716308594,152531200,0.0,0.0
2020-02-19,77.55559118024817,78.6631837418977,77.55559118024817,78.43293762207031,93984000,0.0,0.0
2020-02-20,78.19299399872004,78.68256095291854,77.12175425598554,77.62828826904297,100566000,0.0,0.0
2020-02-21,77.22113145649439,77.66465663516524,75.2531595150605,75.87117767333984,129554000,0.0,0.0
2020-02-24,72.04430474977563,73.72144039286337,70.09814428354905,72.26727294921875,222195200,0.0,0.0
2020-02-25,72.93859916229857,73.32152656752166,69.34680474475954,69.81940460205078,230673600,0.0,0.0
2020-02-26,69.44374515923005,72.1945458948115,69.43647462004233,70.92699432373047,198054800,0.0,0.0
2020-02-27,68.12772839099156,69.31529668003056,66.15490485834736,66.2906265258789,320605600,0.0,0.0
2020-02-28,62.34984454807426,67.4757824380709,62.134139530313654,66.2518539428711,426510000,0.0,0.0
2020-03-02,68.41371468951469,73.0573558601896,67.30854828272852,72.4199447631836,341397200,0.0,0.0
2020-03-03,73.59783429708392,73.67781024463216,69.26683312015966,70.11994934082031,319475600,0.0,0.0
2020-03-04,71.84556373045045,73.53239582305254,71.04334864954015,73.3724365234375,219178400,0.0,0.0
2020-03-05,71.6225878078589,72.5993032659202,70.62648670581913,70.9924545288086,187572800,0.0,0.0
2020-03-06,68.34587561840515,70.48350371604513,68.1592601100507,70.04967498779297,226176800,0.0,0.0
2020-03-09,63.92276760464713,67.3982263851532,63.740996701505956,64.50928497314453,286744800,0.0,0.0
2020-03-10,67.16799957236155,69.42195621190889,65.2848479487525,69.15535736083984,285290000,0.0,0.0
2020-03-11,67.22858097514904,68.15682117418298,65.88831635585085,66.75354766845703,255598800,0.0,0.0
2020-03-12,62.02993408107194,65.43753239872558,60.105585314384975,60.16132736206055,418474000,0.0,0.0
2020-03-13,64.19905949793468,67.8417479064298,61.30526258468153,67.369140625,370732000,0.0,0.0
2020-03-16,58.63928856454173,62.79093319087167,58.1666849886367,58.70230484008789,322423600,0.0,0.0
2020-03-17,59.98682095947624,62.43466692909921,57.77891021775957,61.28345489501953,324056000,0.0,0.0
2020-03-18,58.1109503450228,60.59030457265709,57.46869089766941,59.783241271972656,300233600,0.0,0.0
2020-03-19,59.95773528488038,61.278603044823406,58.79924908019055,59.325172424316406,271857200,0.0,0.0
2020-03-20,59.90684466812261,61.033826561579104,55.25835823713997,55.55888748168945,401693200,0.0,0.0
2020-03-23,55.27773593660342,55.37952718393081,51.52840835175716,54.37857437133789,336752800,0.0,0.0
2020-03-24,57.28449598735918,60.03044895212406,56.78523248433621,59.834136962890625,287531200,0.0,0.0
2020-03-25,60.77207619664994,62.58978535507417,59.20884706003286,59.5045280456543,303602000,0.0,0.0
2020-03-26,59.74689210565115,62.6940018839561,59.70811342087556,62.63583755493164,252087200,0.0,0.0
2020-03-27,61.25679266007546,62.012958412771816,59.875334574134676,60.042564392089844,204216800,0.0,0.0
2020-03-30,60.76964956297266,61.92813582111078,60.44488273934441,61.75605773925781,167976400,0.0,0.0
2020-03-31,61.94752021431129,63.6173849288287,61.075018471181984,61.63002395629883,197002000,0.0,0.0
2020-04-01,59.74203576856197,60.28007792812991,57.95583490890622,58.387237548828125,176218400,0.0,0.0
2020-04-02,58.24908199085529,59.4148386124558,57.41535898464991,59.36151885986328,165934000,0.0,0.0
2020-04-03,58.84530096187596,59.54814697291925,57.91705710849798,58.508419036865234,129880000,0.0,0.0
2020-04-06,60.80842048337832,63.76764851271487,60.44003414092345,63.61254119873047,201820400,0.0,0.0
2020-04-07,65.6314005748614,65.84953154055276,62.77154178413321,62.875755310058594,202887200,0.0,0.0
2020-04-08,63.677979447206575,64.80011298883151,63.31201906395062,64.48504638671875,168895200,0.0,0.0
2020-04-09,65.12246020269797,65.45449387759112,64.15301536095346,64.95037841796875,161834800,0.0,0.0
2020-04-13,65.02793193786948,66.33426233514128,64.42687350884506,66.2251968383789,131022800,0.0,0.0
2020-04-14,67.86112752488982,69.86060717517675,67.38852028540254,69.56977081298828,194994800,0.0,0.0
2020-04-15,68.44280621954762,69.39528402750159,68.01382952800463,68.93479919433594,131154400,0.0,0.0
2020-04-16,69.64975849579653,69.84849644250897,68.43068203167357,69.48252868652344,157125200,0.0,0.0
2020-04-17,68.99780003465911,69.54553862943841,67.1001079878715,68.53973388671875,215250000,0.0,0.0
2020-04-20,67.36429382895744,68.26829630867668,67.09769504818215,67.11708068847656,130015200,0.0,0.0
2020-04-21,66.95955078291355,67.19464143835056,64.32993033303205,65.04247283935547,180991600,0.0,0.0
2020-04-22,66.3124548186049,67.35218660120425,65.9707319815453,66.91593933105469,116862400,0.0,0.0
2020-04-23,66.86019877924598,68.28528415368396,66.61783752226751,66.6566162109375,124814400,0.0,0.0
2020-04-24,67.18254138642631,68.59065965571317,67.13406617796697,68.58096313476562,126161200,0.0,0.0
2020-04-27,68.29739917309554,68.96147404586024,67.84903676526578,68.62944030761719,117087600,0.0,0.0
2020-04-28,69.09232309926307,69.27409398731281,67.42488436575898,67.51697540283203,112004800,0.0,0.0
2020-04-29,69.00750504510519,70.20476992848462,68.80392253083471,69.73458862304688,137280800,0.0,0.0
2020-04-30,70.27503779613664,71.38263003955775,69.88483989033415,71.20570373535156,183064000,0.0,0.0
2020-05-01,69.37588119280264,72.46598594462179,69.27893820925557,70.05934143066406,240616800,0.0,0.0
2020-05-04,70.08358701405723,71.17905690592906,69.3928561586041,71.05060577392578,133568000,0.0,0.0
2020-05-05,71.51108621089136,72.95071215203899,71.36566802967198,72.11698913574219,147751200,0.0,0.0
2020-05-06,72.81984118068168,73.49360499399509,72.43448777558325,72.86104583740234,142333600,0.0,0.0
2020-05-07,73.48876670304365,73.96137402305452,73.1858151892616,73.61479187011719,115215200,0.0,0.0
2020-05-08,74.27580576384341,75.42041508755761,73.9477309492938,75.36695098876953,133838400,0.205,0.0
2020-05-11,74.8736289600459,77.04862926819315,74.66463023297625,76.5528793334961,145946400,0.0,0.0
2020-05-12,77.23816796870288,77.6901839023614,75.55649278090975,75.6780014038086,162301200,0.0,0.0
2020-05-13,75.85782927883679,76.78129923204625,73.68525458009285,74.76425170898438,200622400,0.0,0.0
2020-05-14,74.00120264720762,75.28433373358632,73.27700840131105,75.22357940673828,158929200,0.0,0.0
2020-05-15,72.99024308175176,74.8250206182074,72.95621710200552,74.77884674072266,166348400,0.0,0.0
2020-05-18,76.10573767259497,76.9149820882663,75.41313682455909,76.54073333740234,135178400,0.0,0.0
2020-05-19,76.55772557449362,77.40585342154391,76.0668333890782,76.09842681884766,101729600,0.0,0.0
2020-05-20,76.9586860818595,77.648854048565,76.91980243941597,77.57838439941406,111504800,0.0,0.0
2020-05-21,77.43987587720596,77.98180700129258,76.76185568975818,77.00001525878906,102688800,0.0,0.0
2020-05-22,76.73756838596826,77.57841356436222,76.63550527544366,77.49578857421875,81803200,0.0,0.0
2020-05-26,78.61612656859893,78.79595706604917,76.91500481904656,76.97090148925781,125522000,0.0,0.0
2020-05-27,76.82749168318873,77.45204049887009,76.08628447900834,77.30622863769531,112945200,0.0,0.0
2020-05-28,76.98057986946539,78.60150836399505,76.7035440312258,77.34024810791016,133560800,0.0,0.0
2020-05-29,77.5832445308995,78.04497574805899,76.90765698167542,77.264892578125,153532400,0.0,0.0
2020-06-01,77.21875354090659,78.33663469777218,77.0875221113541,78.21512603759766,80791200,0.0,0.0
2020-06-02,77.94780315128399,78.60152031661278,77.50550986167497,78.57721710205078,87642800,0.0,0.0
2020-06-03,78.89798738729773,79.27223605785474,78.32446277639103,79.00977325439453,104491200,0.0,0.0
2020-06-04,78.832393344048,79.13129990633254,77.95509694735473,78.329345703125,87560400,0.0,0.0
2020-06-05,78.57962969607472,80.62097312386399,78.55046881252456,80.56021881103516,137250400,0.0,0.0
2020-06-08,80.25646136244434,81.07057078079636,79.54442247076808,81.03654479980469,95654400,0.0,0.0
2020-06-09,80.71574880080514,83.98918386938145,80.68415537333125,83.59549713134766,147712400,0.0,0.0
2020-06-10,84.5457098689179,86.21523738880465,84.10584918729383,85.7462158203125,166651600,0.0,0.0
2020-06-11,84.88835596262886,85.3136361549305,81.5274306203534,81.6294937133789,201662400,0.0,0.0
2020-06-12,83.77288591211702,84.52137559306264,81.22120542081282,82.33422088623047,200146000,0.0,0.0
2020-06-15,80.98549997370785,84.00620266393342,80.82267515019947,83.35248565673828,138808800,0.0,0.0
2020-06-16,85.41084628969108,85.83370137590062,83.77291228895632,85.56151580810547,165428800,0.0,0.0
2020-06-17,86.30757705703857,86.36833137108918,85.3209275901605,85.44243621826172,114406400,0.0,0.0
2020-06-18,85.39871888231193,85.89447630079682,84.86651034841641,85.47648620605469,96820400,0.0,0.0
2020-06-19,86.18365491665244,86.65024395832843,83.8774158013372,84.98800659179688,264476000,0.0,0.0
2020-06-22,85.38169655946604,87.35499583192716,85.33552267955825,87.21161651611328,135445200,0.0,0.0
2020-06-23,88.45829429442931,90.4947803881452,88.03787170937105,89.07312774658203,212155600,0.0,0.0
2020-06-24,88.70129930670531,89.62233679250828,87.12654480257098,87.50079345703125,192623200,0.0,0.0
2020-06-25,87.65631942729962,88.70129056885204,86.89567429690982,88.66240692138672,137522400,0.0,0.0
2020-06-26,88.5579121618439,88.77905873731159,85.78994227456904,85.93818664550781,205256800,0.0,0.0
2020-06-29,85.84585558837018,88.01357302520984,85.3671112421525,87.91879272460938,130646000,0.0,0.0
2020-06-30,87.50565292250278,88.9394607092836,87.48621480460635,88.65269470214844,140223200,0.0,0.0
2020-07-01,88.73045803796369,89.27481431029784,88.43640923902939,88.4850082397461,110737200,0.0,0.0
2020-07-02,89.39389780709443,90.03060182197771,88.37079725072775,88.4850082397461,114041600,0.0,0.0
2020-07-06,89.91637951083226,91.3210188724847,89.88478608277487,90.85199737548828,118655600,0.0,0.0
2020-07-07,91.23112914431677,92.01121263205987,90.45833587921427,90.57012176513672,112424400,0.0,0.0
2020-07-08,91.54946038589766,92.71108256542591,91.46197031782751,92.67948913574219,117092000,0.0,0.0
2020-07-09,93.57379093641129,93.62725502908617,92.02820475666121,93.07804107666016,125642800,0.0,0.0
2020-07-10,92.67220049027107,93.29918917048931,92.0597996685609,93.24085998535156,90257200,0.0,0.0
2020-07-13,94.54830981555456,97.1631783276675,92.59688119999984,92.81073760986328,191649200,0.0,0.0
2020-07-14,92.19103384207206,94.53858170931154,91.25542322619387,94.34660339355469,170989200,0.0,0.0
2020-07-15,96.22511199118148,96.47541947180446,93.79493939627933,94.99544525146484,153198000,0.0,0.0
2020-07-16,93.86540647447868,94.68437336507236,93.22626996352706,93.82652282714844,110577600,0.0,0.0
2020-07-17,94.27854726393537,94.43407445102358,93.16309153453818,93.63697814941406,92186800,0.0,0.0
2020-07-20,93.72446644412312,95.74879688151813,93.379378684577,95.61027526855469,90318000,0.0,0.0
2020-07-21,96.40253133583123,96.47786610396867,94.04040293204935,94.29071044921875,103433200,0.0,0.0
2020-07-22,93.99177075995695,95.23845032827714,93.90428811755417,94.55557250976562,89001600,0.0,0.0
2020-07-23,94.28826007791201,94.36602737751309,89.4400704095434,90.25174713134766,197004400,0.0,0.0
2020-07-24,88.44613048133,90.37325548035092,86.65508713174927,90.02816772460938,185438800,0.0,0.0
2020-07-27,91.09259829217558,92.2542206187511,90.8690265429245,92.16187286376953,121214000,0.0,0.0
2020-07-28,91.7317355771427,91.90914086643643,90.64301546203014,90.64788055419922,103625600,0.0,0.0
2020-07-29,91.13146713399918,92.57013249165894,91.09501603040513,92.38543701171875,90329200,0.0,0.0
2020-07-30,91.5567482554076,93.60781442343111,91.14848105836067,93.5033187866211,158130000,0.0,0.0
2020-07-31,100.01134253408772,103.44274565146054,98.00887492267535,103.29207611083984,374336800,0.0,0.0
2020-08-03,105.17789421091737,108.5193823952745,104.87898765067605,105.8947982788086,308151200,0.0,0.0
2020-08-04,106.08432365144441,107.69552926335136,105.36012955059792,106.6019515991211,173071600,0.0,0.0
2020-08-05,106.32249256981191,107.30914213352884,105.855896128936,106.98835754394531,121776800,0.0,0.0
2020-08-06,107.32129046502143,111.2168571833951,106.73076025201287,110.72109985351562,202428800,0.0,0.0
2020-08-07,110.2415021197791,110.69919956892333,107.40524752399855,108.20378112792969,198045600,0.205,0.0
2020-08-10,109.65233223130258,110.79657580812425,107.12039705946748,109.77649688720703,212403600,0.0,0.0
2020-08-11,109.03883340833443,109.53791413310383,106.25126539914736,106.51176452636719,187902400,0.0,0.0
2020-08-12,107.60486600059996,110.30965976352992,107.41010462326905,110.05159759521484,165598000,0.0,0.0
2020-08-13,111.43441109413642,113.00470146799744,110.94506334020708,111.99922943115234,210082000,0.0,0.0
2020-08-14,111.82395872639943,111.98950664875923,110.08568325260936,111.89942932128906,165565200,0.0,0.0
2020-08-17,113.0241661986812,113.04851322391465,110.97914238344337,111.60725402832031,119561600,0.0,0.0
2020-08-18,111.35894623327408,112.96331658371079,111.02297655985981,112.53726959228516,105633600,0.0,0.0
2020-08-19,112.94626924012053,114.09537909958976,112.58352304816549,112.678466796875,145538000,0.0,0.0
2020-08-20,112.71987797032757,115.2932039654278,112.70283430500798,115.17877960205078,126907200,0.0,0.0
2020-08-21,116.14041918677735,121.59869363243206,116.1282493861733,121.11421966552734,338054800,0.0,0.0
2020-08-24,125.32841718543504,125.41363550271217,120.69303108379322,122.5627670288086,345937600,0.0,0.0
2020-08-25,121.43313191060219,121.90299909151933,119.83119107466611,121.55728912353516,211495600,0.0,0.0
2020-08-26,122.87683252443458,123.66806272085745,121.80805955440918,123.21036529541016,163022400,0.0,0.0
2020-08-27,123.8141318298438,124.14766458561553,120.5907768320979,121.73745727539062,155552400,0.0,0.0
2020-08-28,122.71370217000428,123.13244579194858,121.31627042883115,121.54025268554688,187630000,0.0,0.0
2020-08-31,124.2401853001041,127.5706540266875,122.7015450943712,125.66195678710938,225702700,0.0,4.0
2020-09-01,129.28457897882038,131.27118380524524,127.11296048915095,130.6674041748047,151948100,0.0,0.0
2020-09-02,133.9880937468652,134.36788352935133,123.67532784914934,127.96013641357422,200119000,0.0,0.0
2020-09-03,123.58773585994635,125.46720491788712,117.34553416902808,117.71558380126953,257599600,0.0,0.0
2020-09-04,116.9267639955814,120.4617338734343,107.98708104487906,117.79346466064453,332607200,0.0,0.0
2020-09-08,110.96698542167366,115.87504793239557,109.7302350684399,109.86656951904297,231366600,0.0,0.0
2020-09-09,114.19032948681344,116.02111152579629,112.24268617440501,114.2487564086914,176940500,0.0,0.0
2020-09-10,117.20918576977877,117.34552021964375,109.55494626315287,110.51902770996094,182274400,0.0,0.0
2020-09-11,111.57074499929149,112.21347084794252,107.12038040161133,109.06802368164062,180860300,0.0,0.0
2020-09-14,111.71683492125261,112.89515837432545,109.84709890131904,112.34008026123047,140150100,0.0,0.0
2020-09-15,115.23232916774082,115.71924004150326,110.6358893306761,112.51536560058594,184642000,0.0,0.0
2020-09-16,112.21347126407375,112.96331066061114,109.1069778434127,109.19461822509766,154679000,0.0,0.0
2020-09-17,106.847719970666,109.26279366804528,105.86415795625577,107.45148468017578,178011000,0.0,0.0
2020-09-18,107.50991635719829,107.97734660906691,103.31273980959568,104.04310607910156,287104900,0.0,0.0
2020-09-21,101.803344165932,107.30543948676396,100.40103822697645,107.19831848144531,195713800,0.0,0.0
2020-09-22,109.730230798935,109.90551900427155,106.3023816419501,108.88300323486328,183055400,0.0,0.0
2020-09-23,108.69797818298632,109.17514872406446,103.97493710920857,104.31578063964844,150718700,0.0,0.0
2020-09-24,102.41682661585128,107.36384264511429,102.25127870963266,105.3869857788086,167743300,0.0,0.0
2020-09-25,105.59149358674422,109.49652091920656,104.85138696986856,109.34070587158203,149981400,0.0,0.0
2020-09-28,111.99924032348427,112.30112268518972,109.82761457566852,111.95054626464844,137672400,0.0,0.0
2020-09-29,111.55128945340192,112.29138866733861,110.5969408264079,111.10332489013672,99382200,0.0,0.0
2020-09-30,110.81117321087004,114.19033573143906,110.64562530338286,112.77828979492188,142675200,0.0,0.0
2020-10-01,114.56039012939586,114.63829765255329,112.79777513856307,113.7326431274414,116120400,0.0,0.0
2020-10-02,109.93475378900114,112.3498353720859,109.28229489857405,110.06134796142578,144712000,0.0,0.0
2020-10-05,110.92803870245231,113.5963082073717,110.57746227936272,113.45023345947266,106243800,0.0,0.0
2020-10-06,112.67115502536377,113.08016573983656,109.31147351071068,110.1976547241211,161498200,0.0,0.0
2020-10-07,111.61944100062698,112.52509543882869,111.14226303933226,112.06739807128906,96849000,0.0,0.0
2020-10-08,113.20676423757683,113.35283896768823,111.59021676910432,111.96027374267578,83477200,0.0,0.0
2020-10-09,112.26216737253827,113.93714192982654,111.91159095684212,113.90792846679688,100506900,0.0,0.0
2020-10-12,116.91702744282793,121.90299707303168,116.15744772819468,121.14341735839844,240226800,0.0,0.0
2020-10-13,121.99065227801567,122.1075135674145,116.51777857707339,117.92981719970703,262330500,0.0,0.0
2020-10-14,117.8324275512861,119.80928444459767,116.48855625885349,118.0174560546875,150712000,0.0,0.0
2020-10-15,115.61210767464269,118.02718121016164,115.05702963037932,117.55001068115234,112559200,0.0,0.0
2020-10-16,118.10509791229572,118.36803393931339,115.69975705683035,115.90425872802734,115393800,0.0,0.0
2020-10-19,116.81966187710711,117.26761901216874,112.6322326077899,112.94385528564453,120639300,0.0,0.0
2020-10-20,113.15808061203983,115.8653112278617,112.60300253020057,114.43379211425781,124423700,0.0,0.0
2020-10-21,113.61577807356772,115.60237527015637,113.40153610682727,113.810546875,89946000,0.0,0.0
2020-10-22,114.37535009937378,114.94990873770219,111.59021957921263,112.71985626220703,101988000,0.0,0.0
2020-10-23,113.34311554903111,113.49893059893087,111.28835101391871,112.02845764160156,82572600,0.0,0.0
2020-10-26,111.02540970017918,113.49891761177703,109.92498646777234,112.0381851196289,111850700,0.0,0.0
2020-10-27,112.46666475299311,114.20980646740922,111.54153712055215,113.547607421875,92276800,0.0,0.0
2020-10-28,112.03819835998142,112.40824796037595,108.19159788494271,108.28897857666016,143937800,0.0,0.0
2020-10-29,109.42835336524011,113.86897819384106,109.26279802021777,112.3011245727539,146129200,0.0,0.0
2020-10-30,108.152628005886,109.05828242027559,104.90006732324844,106.01022338867188,190272600,0.0,0.0
2020-11-02,106.25368777978908,107.7825875731632,104.51054602064647,105.9225845336914,122866900,0.0,0.0
2020-11-03,106.78927899207523,108.57136685299777,105.8836246173212,107.54885864257812,107624400,0.0,0.0
2020-11-04,111.15203304053807,112.56407184868188,109.40889091710002,111.94082641601562,138235500,0.0,0.0
2020-11-05,114.86226463381101,116.48855249232687,113.81054286184263,115.91399383544922,126387100,0.0,0.0
2020-11-06,115.42136453660977,116.27980338076077,113.28501336370934,115.78230285644531,114457900,0.205,0.0
2020-11-09,117.54795729060733,119.0014527698893,113.20697761247202,113.4703598022461,154515300,0.0,0.0
2020-11-10,112.71924303088868,114.70926027820961,111.33402473178882,113.12895202636719,138023400,0.0,0.0
2020-11-11,114.31906384026838,116.69928328623824,113.58743745496243,116.56271362304688,112295000,0.0,0.0
2020-11-12,116.68951768570216,117.57722037517925,115.66523790920269,116.28955841064453,103162300,0.0,0.0
2020-11-13,116.5139390128418,116.73830026220503,114.98240146299398,116.33834838867188,81581900,0.0,0.0
2020-11-16,116.0066699066951,118.02595829386176,115.25553681069077,117.35286712646484,91183000,0.0,0.0
2020-11-17,116.62124041188267,117.71379763887923,116.0456904933859,116.46515655517578,74271000,0.0,0.0
2020-11-18,115.70425866052815,116.88461483899873,115.10920202078444,115.13846588134766,76322100,0.0,0.0
2020-11-19,114.70924831286501,116.14323708994871,113.94835813134821,115.73352813720703,74113000,0.0,0.0
2020-11-20,115.73353312647382,115.86034568136424,114.41660718303845,114.46537780761719,73604300,0.0,0.0
2020-11-23,114.30929761671617,114.7385207767759,110.96332625053886,111.06087493896484,127959300,0.0,0.0
2020-11-24,111.11941434226163,113.01188278583413,109.83174481299207,112.34854125976562,113874200,0.0,0.0
2020-11-25,112.7192176037074,113.88981659600782,112.34852221690568,113.18745422363281,76499200,0.0,0.0
2020-11-27,113.71425025675507,114.61171017176824,113.37282609805314,113.73375701904297,46691300,0.0,0.0
2020-11-30,114.10443850293899,118.00644542136735,113.94835465380783,116.13348388671875,169410200,0.0,0.0
2020-12-01,118.04547767580269,120.44521126709455,117.06997585287974,119.71358489990234,127728200,0.0,0.0
2020-12-02,119.03072137520432,120.34765470402952,117.92840706667509,120.06475830078125,89004200,0.0,0.0
2020-12-03,120.4939775191396,120.7476100677901,119.2160725590913,119.92819213867188,78967600,0.0,0.0
2020-12-04,119.59651292977875,119.85014546839597,118.54296925474208,119.25508880615234,78260400,0.0,0.0
2020-12-07,119.31362823363807,121.51826448637165,119.25510050455729,120.71835327148438,86712000,0.0,0.0
2020-12-08,121.32317422873233,121.91823098434014,120.07452554250538,121.33292388916016,82225500,0.0,0.0
2020-12-09,121.47923792024274,122.86444868955574,118.03571775825858,118.7966079711914,115089200,0.0,0.0
2020-12-10,117.54797505007178,120.83541902329915,117.2065508848971,120.2208480834961,81312200,0.0,0.0
2020-12-11,119.43067771947905,119.75259507824151,117.5967371368866,119.41117095947266,86939800,0.0,0.0
2020-12-14,119.596519149209,120.32814549895028,118.56248962317086,118.7966079711914,79184500,0.0,0.0
2020-12-15,121.29387733805277,124.76666843755753,121.0890228749409,124.74715423583984,157243700,0.0,0.0
2020-12-16,124.28870684690403,125.22518038199759,123.45952423658008,124.67890167236328,98208600,0.0,0.0
2020-12-17,125.74217838024781,126.40552735664411,124.90324622140852,125.54708099365234,94359800,0.0,0.0
2020-12-18,125.80070956681269,125.93727921352317,123.0302807853553,123.55705261230469,192541500,0.0,0.0
2020-12-21,121.95723262228893,125.16663446004497,120.42569508317622,125.08859252929688,121251600,0.0,0.0
2020-12-22,128.38576506556214,131.1171724990301,126.47377539664267,128.64915466308594,168904800,0.0,0.0
2020-12-23,128.9223157448781,129.18569050201904,127.5761185573667,127.75171661376953,88223700,0.0,0.0
2020-12-24,128.1029291687596,130.19050284332158,127.8883175389933,128.73699951171875,54930100,0.0,0.0
2020-12-28,130.70747235611557,133.97539397548348,130.23922084365992,133.34132385253906,124486200,0.0,0.0
2020-12-29,134.668021314243,135.3898830922379,131.04890322533043,131.56591796875,121047300,0.0,0.0
2020-12-30,132.2585255999266,132.6584848793838,130.13192410023277,130.444091796875,96452100,0.0,0.0
2020-12-31,130.79524706987513,131.43908165276386,128.49306286118954,129.43930053710938,99116600,0.0,0.0
2021-01-04,130.24897423198516,130.3367658011868,123.65458151272391,126.23966217041016,143301900,0.0,0.0
2021-01-05,125.732432185154,128.5126183969194,125.28369478714089,127.80049133300781,97664900,0.0,0.0
2021-01-06,124.59110762597568,127.83953083739338,123.28393117035725,123.49854278564453,155088000,0.0,0.0
2021-01-07,125.21539510538169,128.40528973786473,124.72764426980214,127.71267700195312,109578200,0.0,0.0
2021-01-08,129.18568296556424,129.38079521351278,127.03958220290218,128.81500244140625,105158200,0.0,0.0
2021-01-11,126.0250599540097,126.98104739873321,125.35196143707087,125.82019805908203,100384500,0.0,0.0
2021-01-12,125.35197692534697,126.51282640843073,123.75215462457815,125.6446304321289,91951100,0.0,0.0
2021-01-13,125.60559486766209,128.2296968501327,125.34222012304613,127.68341827392578,88636800,0.0,0.0
2021-01-14,127.59562789132632,127.79072525823703,125.60559604790214,125.7519302368164,90221800,0.0,0.0
2021-01-15,125.62511371158065,127.02983860800374,123.88872179377304,124.0252914428711,111598500,0.0,0.0
2021-01-19,124.64961670921872,125.55684110809314,123.8301987834441,124.69839477539062,90757300,0.0,0.0
2021-01-20,125.50808026921992,129.24425439918255,125.40077446290326,128.79551696777344,104319500,0.0,0.0
2021-01-21,130.52213931456455,136.24832991984417,130.31727739424184,133.5169219970703,120150900,0.0,0.0
2021-01-22,132.94138184988222,136.4239303613806,131.71225496139948,135.6630401611328,114459400,0.0,0.0
2021-01-25,139.5650506326583,141.53555356505598,133.19501014057846,139.41871643066406,157611700,0.0,0.0
2021-01-26,140.0820551764804,140.76490341435823,137.90667558906043,139.65283203125,98390600,0.0,0.0
2021-01-27,139.9162055519511,140.76490217618246,136.9702010537378,138.57977294921875,140843800,0.0,0.0
2021-01-28,136.1019984266858,138.51148876469895,133.35107654702082,133.7315216064453,142621100,0.0,0.0
2021-01-29,132.50242137720485,133.39013165524483,127.0201056066314,128.72723388671875,177523800,0.0,0.0
2021-02-01,130.47337566526852,132.06344848329783,127.72245323542478,130.85382080078125,106239800,0.0,0.0
2021-02-02,132.40484514955168,132.97063793703109,131.31228797923288,131.6829833984375,83305400,0.0,0.0
2021-02-03,132.43412757446322,132.4438921194795,130.33680452281126,130.65872192382812,89880900,0.0,0.0
2021-02-04,132.96090698056452,134.03395009949696,131.29279224448268,134.02420043945312,84183100,0.0,0.0
2021-02-05,134.18541104102158,134.25379046331454,132.72973582683255,133.60899353027344,75693800,0.205,0.0
2021-02-08,132.89577942302134,133.8043593718813,131.81135394631426,133.75550842285156,71297200,0.0,0.0
2021-02-09,133.47221241675678,134.703191022344,132.71996427692022,132.8762664794922,76774200,0.0,0.0
2021-02-10,133.3354359263558,133.83369484015344,131.3033582625716,132.2705535888672,73046600,0.0,0.0
2021-02-11,132.76881929219587,133.24753491909752,130.68790523636724,132.01657104492188,64280000,0.0,0.0
2021-02-12,131.25454937824293,132.40735473658407,130.6097523605829,132.25103759765625,60145100,0.0,0.0
2021-02-16,132.3682563100343,132.87626454864636,129.7304535690892,130.12124633789062,80576300,0.0,0.0
2021-02-17,128.2259277405819,129.17357959912786,126.48694111313472,127.82537078857422,97918500,0.0,0.0
2021-02-18,126.22319941130655,127.00477020942455,124.47444798067801,126.7214584350586,96856700,0.0,0.0
2021-02-19,127.23921649175709,127.69838867042822,125.8323923619749,126.87773132324219,87668800,0.0,0.0
2021-02-22,125.06058423119387,126.73119158884104,122.70611563671171,123.0969009399414,103916400,0.0,0.0
2021-02-23,120.9085302370277,123.79055826756264,115.66225415226057,122.96014404296875,158273000,0.0,0.0
2021-02-24,122.06134159193573,122.66705180728367,119.41378182324772,122.4618911743164,111039900,0.0,0.0
2021-02-25,121.8073067346508,123.54629339463172,117.76269513453965,118.20232391357422,148199500,0.0,0.0
2021-02-26,119.76546840374732,121.97339908752899,118.4074952170664,118.46611785888672,164560400,0.0,0.0
2021-03-01,120.89872523618496,124.98241580897377,119.96084511060396,124.84564208984375,116307900,0.0,0.0
2021-03-02,125.45138828841935,125.75424338523828,122.1297240921733,122.23719024658203,102260900,0.0,0.0
2021-03-03,121.93430383247053,122.81356880845682,119.03273313852024,119.24766540527344,112966300,0.0,0.0
2021-03-04,118.94482157612892,120.75219519765207,115.88694096141373,117.36214447021484,178155000,0.0,0.0
2021-03-05,118.19255654931327,119.13043671901423,114.86112127502149,118.6224136352539,153766600,0.0,0.0
2021-03-08,118.14372897717995,118.21211585349621,113.53247830668076,113.67902374267578,154376600,0.0,0.0
2021-03-09,116.28749169278657,119.24767787685906,116.05302349253789,118.3000259399414,129525800,0.0,0.0
2021-03-10,118.88620657707422,119.35514297345402,116.69781188193637,117.21560668945312,111943300,0.0,0.0
2021-03-11,119.71663226274289,120.37119341672582,118.4661251465933,119.14999389648438,103026500,0.0,0.0
2021-03-12,117.62593507823823,118.37819067624436,116.41450728444738,118.24141693115234,88105100,0.0,0.0
2021-03-15,118.61265932269635,121.14298091076107,117.64546402785827,121.13320922851562,92403800,0.0,0.0
2021-03-16,122.80379036543535,124.28877278836029,121.84637435266262,122.67678833007812,115227900,0.0,0.0
2021-03-17,121.19183477482309,122.96012916956329,119.52122739044147,121.8854751586914,111932600,0.0,0.0
2021-03-18,120.04878306750058,120.34187390478134,117.54776908284731,117.7529296875,121229700,0.0,0.0
2021-03-19,117.13744953418819,118.63219642756981,116.92251724428318,117.22537231445312,185549500,0.0,0.0
2021-03-22,117.55753401515928,121.0159714098922,117.48914715086833,120.54702758789062,111912300,0.0,0.0
2021-03-23,120.48842032011387,121.37744961429632,119.3258360971887,119.71662139892578,95467100,0.0,0.0
2021-03-24,119.9901539097823,120.0683124511043,117.3035155441106,117.32305145263672,88530500,0.0,0.0
2021-03-25,116.7857432897759,118.85690017985242,116.25818424833348,117.8115463256836,98844700,0.0,0.0
2021-03-26,117.57707345629376,118.68104245336015,116.18002108358161,118.4172592163086,94071200,0.0,0.0
2021-03-29,118.8471053878785,119.75567787364596,117.94830458253664,118.59309387207031,80819200,0.0,0.0
2021-03-30,117.34261942506161,117.6259386065679,116.1214199118157,117.13745880126953,85671900,0.0,0.0
2021-03-31,118.84712966548537,120.67403923703132,118.35864989493558,119.33560943603516,118323800,0.0,0.0
2021-04-01,120.81080478697265,121.31882040297594,119.6677566071498,120.16600799560547,75089100,0.0,0.0
2021-04-05,121.01596487325654,123.25320281794392,120.2343943633399,122.99919128417969,88651200,0.0,0.0
2021-04-06,123.58538979701918,124.20087166369673,122.75497562507351,123.30207061767578,80171300,0.0,0.0
2021-04-07,122.93081157124116,124.97265328036532,122.25670715358332,124.95311737060547,83466700,0.0,0.0
2021-04-08,125.9789212464254,127.38574527476092,125.558835827885,127.35643768310547,88844600,0.0,0.0
2021-04-09,126.80937040941369,129.97471025605384,126.48697192369632,129.93563842773438,106686700,0.0,0.0
2021-04-12,129.4666628353656,129.7890612236751,127.62021018029645,128.21615600585938,91420000,0.0,0.0
2021-04-13,129.38850198628998,131.5573529909673,128.89024316451298,131.3326416015625,91266500,0.0,0.0
2021-04-14,131.83093211613695,131.88954730756276,128.62650578894565,128.98797607421875,87222800,0.0,0.0
2021-04-15,130.7367518420044,131.88955711166213,130.56089134743354,131.4010772705078,89347100,0.0,0.0
2021-04-16,131.20568244452048,131.56715274048923,130.20917943913344,131.06890869140625,84922400,0.0,0.0
2021-04-19,130.43382719229146,132.34867392684956,130.267745904721,131.73318481445312,94264200,0.0,0.0
2021-04-20,131.9091181589303,132.40736229708685,128.7730705992219,130.04312133789062,94812300,0.0,0.0
2021-04-21,129.3103694680848,130.66834267605557,128.27479470754565,130.42410278320312,68847100,0.0,0.0
2021-04-22,129.97465541366606,131.05908080542864,128.38222193199377,128.90000915527344,84566500,0.0,0.0
2021-04-23,129.11493838708085,132.00672942641683,129.11493838708085,131.2251739501953,78657500,0.0,0.0
2021-04-26,131.723417652026,131.94811410582247,130.482675228757,131.61595153808594,66905100,0.0,0.0
2021-04-27,131.89931984498693,132.29011265780838,131.02006210377638,131.29360961914062,66015800,0.0,0.0
2021-04-28,131.21544993946816,131.90909785930737,130.01379372811834,130.5022735595703,107760100,0.0,0.0
2021-04-29,133.32568628970844,133.9118680499025,129.39830427373977,130.40457153320312,151101000,0.0,0.0
2021-04-30,128.74374116163304,130.4827281416953,128.05010815991602,128.43112182617188,109839500,0.0,0.0
2021-05-03,128.99777190654044,130.98101411471455,128.79261868629004,129.4862518310547,75135100,0.0,0.0
2021-05-04,128.16733051029044,128.4604213676209,123.7807766012576,124.90428161621094,137564700,0.0,0.0
2021-05-05,126.22316795915263,127.44436736840763,125.02151191446714,125.14852142333984,84000900,0.0,0.0
2021-05-06,124.94335888284245,126.76050428037594,124.20086752220477,126.75074005126953,78128300,0.0,0.0
2021-05-07,128.05227980902734,128.45350218038053,126.71156185852885,127.42596435546875,78973300,0.22,0.0
2021-05-10,126.64309485753276,126.77030517991771,124.09867935425044,124.13782501220703,88071200,0.0,0.0
2021-05-11,120.85943560539131,123.5702067058758,120.1450405146299,123.21791076660156,126142800,0.0,0.0
2021-05-12,120.7615847905906,121.97507024694492,119.63617145947643,120.14505004882812,112172300,0.0,0.0
2021-05-13,121.91633577415668,123.45276704038098,121.60317804684566,122.2979965209961,105861300,0.0,0.0
2021-05-14,123.55064345219544,125.15557794607483,123.15919437572654,124.72498321533203,81918000,0.0,0.0
2021-05-17,124.10844907203442,124.21609774874598,122.49372638763057,123.57020568847656,74244600,0.0,0.0
2021-05-18,123.85402546000861,124.27483195315345,122.11208473321811,122.18058776855469,63342900,0.0,0.0
2021-05-19,120.52671624181265,122.24908025776814,120.23312756354261,122.02400207519531,92612000,0.0,0.0
2021-05-20,122.55246033737806,124.98921955050378,122.42523508929487,124.58798217773438,76857100,0.0,0.0
2021-05-21,125.08708306892244,125.2632347914988,122.53288682470038,122.74818420410156,79295400,0.0,0.0
2021-05-24,123.31577808732766,125.20451299175396,123.24727505830785,124.3824691772461,63092900,0.0,0.0
2021-05-25,125.08707232073915,125.5763892558692,123.61914391415893,124.1867446899414,72009500,0.0,0.0
2021-05-26,124.24547370501993,124.6662801952147,123.71701852201225,124.13782501220703,56575900,0.0,0.0
2021-05-27,123.73658864679605,124.91092845931593,122.40566621059594,122.60138702392578,94625600,0.0,0.0
2021-05-28,122.88518253436054,123.11026818036667,121.88699448010973,121.94570922851562,71311100,0.0,0.0
2021-06-01,122.40567810814753,122.6699019784518,121.29005293793631,121.6227798461914,67637100,0.0,0.0
2021-06-02,121.62275632949539,122.56222958242566,121.39767816243663,122.38607788085938,59278900,0.0,0.0
2021-06-03,122.01422283130225,122.18058627705005,120.49736032501843,120.89859771728516,76229200,0.0,0.0
2021-06-04,121.41726266438081,123.46258031804118,121.20196528333545,123.19834899902344,75169300,0.0,0.0
2021-06-07,123.47233842818432,123.61913274883781,122.16099275389007,123.20811462402344,71057600,0.0,0.0
2021-06-08,123.89316818793841,125.7134076544098,123.51150736205156,124.0301742553711,74403800,0.0,0.0
2021-06-09,124.49012603117782,125.01858120384323,123.81487651061582,124.41183471679688,56877900,0.0,0.0
2021-06-10,124.30418229225445,125.4491721984384,123.24727944494147,123.41364288330078,71186400,0.0,0.0
2021-06-11,123.82466131686404,124.71520819384888,123.40385484671293,124.62712860107422,53522400,0.0,0.0
2021-06-14,125.08705577003344,127.74889265676853,124.35309166385667,127.69017791748047,96906500,0.0,0.0
2021-06-15,127.1617680373222,127.80766022608664,126.62352454668518,126.86817932128906,62746300,0.0,0.0
2021-06-16,127.58256118024079,128.09144726898842,125.71341013746347,127.36726379394531,91815000,0.0,0.0
2021-06-17,127.02474109836618,129.71594317700723,126.87793929818906,128.97218322753906,96721700,0.0,0.0
2021-06-18,127.91530142774639,128.6981847145641,127.45534928384315,127.67064666748047,108953300,0.0,0.0
2021-06-21,127.51403013838598,129.57891636339633,126.4473392510089,129.4712677001953,79663300,0.0,0.0
2021-06-22,129.30496557854065,131.21327011916597,128.80586020692314,131.1154022216797,74783600,0.0,0.0
2021-06-23,130.90984959941682,131.44809296104657,130.38138705071168,130.84133911132812,60214200,0.0,0.0
2021-06-24,131.57532865567404,131.76126866490313,130.087823514383,130.5575714111328,68711000,0.0,0.0
2021-06-25,130.6065302752054,131.02732938057292,129.97041880999774,130.26400756835938,70783700,0.0,0.0
2021-06-28,130.5575663811202,132.3582217849953,130.49885162942402,131.8982696533203,62111300,0.0,0.0
2021-06-29,131.91784473362776,133.57171323969362,131.4774691683095,133.41513061523438,64556100,0.0,0.0
2021-06-30,133.2585598021392,134.47205285044467,132.96497108839114,134.03167724609375,63261400,0.0,0.0
2021-07-01,133.6793339104709,134.39372145259853,132.8572827706187,134.3350067138672,52485800,0.0,0.0
2021-07-02,134.9515915717518,137.00669801499475,134.80480465403946,136.96755981445312,78852600,0.0,0.0
2021-07-06,137.07515561633554,140.08928866847637,137.07515561633554,138.98345947265625,108181800,0.0,0.0
2021-07-07,140.4709819568287,141.79212374224406,139.60980728509813,141.47897338867188,104911600,0.0,0.0
2021-07-08,138.55288746806352,140.9798585410617,137.66234054504386,140.17739868164062,105575500,0.0,0.0
2021-07-09,139.6978741376513,142.5358635061349,139.60000625630684,142.00741577148438,99890800,0.0,0.0
2021-07-12,143.08389123520334,143.19153992301273,140.92113666468427,141.4104461669922,76299700,0.0,0.0
2021-07-13,140.95050000905363,144.30717110195238,140.55905836364727,142.5260772705078,100827100,0.0,0.0
2021-07-14,144.93347581872183,146.37204690308326,144.52244270958388,145.9610137939453,127050800,0.0,0.0
2021-07-15,146.0491189549383,146.79286409061552,143.9450789434474,145.30535888671875,106820300,0.0,0.0
2021-07-16,145.28574243451615,146.5579348305551,142.76090433296852,143.25999450683594,93251400,0.0,0.0
2021-07-19,140.67647397816722,140.98963920959875,138.64094477148268,139.40426635742188,121434600,0.0,0.0
2021-07-20,140.39270413849675,143.95487710280224,139.90339458333094,143.02517700195312,96350000,0.0,0.0
2021-07-21,142.4184239807626,143.00560136245917,141.53767284075886,142.29119873046875,74993500,0.0,0.0
2021-07-22,142.81964204688137,145.03131534477524,142.69241681379228,143.6612548828125,77338200,0.0,0.0
2021-07-23,144.39523665880247,145.54021909866026,143.77870190944023,145.38363647460938,71447400,0.0,0.0
2021-07-26,145.09985170281058,146.62649504189588,144.54203167293,145.80445861816406,72434100,0.0,0.0
2021-07-27,145.93164237751336,146.0197294253044,142.43798074633216,143.63189697265625,104818600,0.0,0.0
2021-07-28,141.71383977988606,143.82766077330388,139.49237008034393,141.8802032470703,118931200,0.0,0.0
2021-07-29,141.59639216326153,143.41662418623008,141.48874347089355,142.5260772705078,56699500,0.0,0.0
2021-07-30,141.29304183919416,143.2013462516917,141.02881047975802,142.74139404296875,70440600,0.0,0.0
2021-08-02,143.23068203244566,143.80806367715948,142.14441431029425,142.4086456298828,62880000,0.0,0.0
2021-08-03,142.6924573832884,144.87477392978525,142.07592253384598,144.20932006835938,64786600,0.0,0.0
2021-08-04,144.12120964935443,144.63008072615645,143.15237156220167,143.80804443359375,56368300,0.0,0.0
2021-08-05,143.83740388535773,144.67901674920688,143.044724953746,143.9156951904297,46397700,0.0,0.0
2021-08-06,143.43542339713431,144.18028249738202,142.72976111062263,143.22959899902344,54126800,0.22,0.0
2021-08-09,143.2884740483459,143.77851671947906,142.62202319396428,143.1806640625,48908700,0.0,0.0
2021-08-10,143.52364620822885,144.76835831451658,142.40634993433017,142.70037841796875,69023100,0.0,0.0
2021-08-11,143.14144929737975,143.79810459984787,142.63180079586957,142.95523071289062,48493500,0.0,0.0
2021-08-12,143.27865400221475,146.08169819848888,142.93561820929602,145.9248809814453,72282600,0.0,0.0
2021-08-13,146.0032909277299,146.4639321601955,145.31723429051934,146.13070678710938,59375000,0.0,0.0
2021-08-16,145.58185197110114,148.17908677655805,143.55308334263998,148.1104736328125,103296000,0.0,0.0
2021-08-17,147.2381714308299,148.65929174841725,146.1208750829786,147.198974609375,92229700,0.0,0.0
2021-08-18,146.81674649893367,147.7184229688791,143.239427019952,143.44525146484375,86326000,0.0,0.0
2021-08-19,142.1417628423952,145.05261723602476,141.6223188554431,143.77850341796875,86960300,0.0,0.0
2021-08-20,144.50378183589572,145.5426698813194,143.85692193613244,145.2388458251953,60549600,0.0,0.0
2021-08-23,145.356402920628,147.19896749305934,144.94476901815275,146.72853088378906,60131800,0.0,0.0
2021-08-24,146.47373764386114,147.85566143575133,146.17970907783348,146.64035034179688,48606400,0.0,0.0
2021-08-25,146.82656183724308,147.32641486181075,144.8565959634032,145.4054412841797,58991300,0.0,0.0
2021-08-26,145.395673107238,146.15032808750055,144.57239001662654,144.60179138183594,48597200,0.0,0.0
2021-08-27,144.54295000853472,145.7876623043235,143.90590065942186,145.64065551757812,55802400,0.0,0.0
2021-08-30,146.03268691419282,150.43327460832862,145.65045430503002,150.0706329345703,90956700,0.0,0.0
2021-08-31,149.61983863185333,149.75704998771127,148.27711148354751,148.80636596679688,86453100,0.0,0.0
2021-09-01,149.78645861379624,151.89363631409927,149.30621136755536,149.4728240966797,80313700,0.0,0.0
2021-09-02,150.80572311579687,151.63880161817733,149.36499650174582,150.59010314941406,71115500,0.0,0.0
2021-09-03,150.6978879757905,151.5505722295667,150.04123271684918,151.22714233398438,57808700,0.0,0.0
2021-09-07,151.88378675982,154.1281750234367,151.31533561615151,153.5695343017578,82278300,0.0,0.0
2021-09-08,153.85373494980078,153.9125376554241,150.91348002935533,152.02098083496094,74420200,0.0,0.0
2021-09-09,152.3934279437582,153.0010758817522,150.88408861047455,151.001708984375,57305700,0.0,0.0
2021-09-10,151.913208557541,152.38364527408532,145.73866870260662,146.0032958984375,140893200,0.0,0.0
2021-09-13,147.63024065247,148.4045013917985,145.78767566355324,146.57174682617188,102404300,0.0,0.0
2021-09-14,147.35581250665328,148.06147503126564,143.98431710126377,145.1702117919922,109296300,0.0,0.0
2021-09-15,145.6014163766617,146.46389590992462,143.45502796405196,146.0620574951172,83281300,0.0,0.0
2021-09-16,145.48385292412618,146.00329689602742,144.28814775543293,145.82687377929688,68034100,0.0,0.0
2021-09-17,145.85627435363685,145.85627435363685,142.85720133218834,143.15122985839844,129868800,0.0,0.0
2021-09-20,140.93624232616293,141.95552426414204,138.4566281851567,140.09336853027344,123478900,0.0,0.0
2021-09-21,141.0636509821954,141.72032120475433,139.93655902151735,140.5736083984375,75834000,0.0,0.0
2021-09-22,141.57329118423013,143.51385551514431,140.83822735154473,142.94541931152344,76404300,0.0,0.0
2021-09-23,143.7294607107383,144.15090504152192,142.73958023456993,143.9058837890625,64838200,0.0,0.0
2021-09-24,142.75919305999093,144.53314462122253,142.66117857227965,143.9940948486328,53477900,0.0,0.0
2021-09-27,142.572974815072,143.05322187803952,140.95584044871157,142.47496032714844,74150700,0.0,0.0
2021-09-28,140.39721878980419,141.86734673524717,138.86828811932986,139.0839080810547,108972300,0.0,0.0
2021-09-29,139.63273392978022,141.57329835904048,139.20149406663066,139.98556518554688,74602000,0.0,0.0
2021-09-30,140.79905567653873,141.50471827835372,138.4664479119328,138.68206787109375,89056700,0.0,0.0
2021-10-01,139.07409436984747,140.0737855364966,136.3396630361158,139.8091583251953,94639600,0.0,0.0
2021-10-04,138.93685186934948,139.37790210757225,135.5163646020799,136.36903381347656,98322000,0.0,0.0
2021-10-05,136.71205657764799,139.40729022008236,136.58464074716179,138.29978942871094,80861100,0.0,0.0
2021-10-06,136.69247443763487,139.3190954107542,135.61437481140692,139.17208862304688,83221100,0.0,0.0
2021-10-07,140.2110011934392,141.34790373522623,139.87777577926832,140.43641662597656,61732700,0.0,0.0
2021-10-08,141.16165438015548,141.3086611617573,139.7209281008109,140.0541534423828,58773200,0.0,0.0
2021-10-11,139.4367486438447,141.92615888324616,138.98590279714645,139.9659881591797,64452200,0.0,0.0
2021-10-12,140.37758102047312,140.3971869093365,138.2311923147278,138.69183349609375,73035900,0.0,0.0
2021-10-13,138.42726603324783,138.5840683300994,136.42788346049886,138.1038360595703,78762700,0.0,0.0
2021-10-14,139.27992936716066,141.01468462005715,138.6918721765435,140.89706420898438,69907100,0.0,0.0
2021-10-15,140.90685250780268,142.014338607517,140.65202078625612,141.95553588867188,67940300,0.0,0.0
2021-10-18,140.5932000333711,143.91568781616144,140.30898194377212,143.6314697265625,85589200,0.0,0.0
2021-10-19,144.0822908209725,146.19927801536315,143.6314600946123,145.7974395751953,76378900,0.0,0.0
2021-10-20,145.73864560326368,146.76773790846218,145.17019447320249,146.28749084472656,58418800,0.0,0.0
2021-10-21,145.84647277784177,146.65994526923677,144.92519031879408,146.5031280517578,61421000,0.0,0.0
2021-10-22,146.70892102605617,147.18915308849202,145.67982882026405,145.7288360595703,58883400,0.0,0.0
2021-10-25,145.71906743521066,146.3953286488428,144.68017946553806,145.67987060546875,50720600,0.0,0.0
2021-10-26,146.35610894373843,147.83603205253846,146.04247453516768,146.3463134765625,60893400,0.0,0.0
2021-10-27,146.38551919710656,146.74814591850827,145.53284989871335,145.88568115234375,56094900,0.0,0.0
2021-10-28,146.8363517619426,150.11962775999444,146.73833727338112,149.53158569335938,100077900,0.0,0.0
2021-10-29,144.2881357422398,146.95396852377547,143.4942691703326,146.81675720214844,124953200,0.0,0.0
2021-11-01,146.02287059210153,146.7187225723951,144.8565670408628,145.99346923828125,74588300,0.0,0.0
2021-11-02,145.69947786176533,148.5515295481681,145.68966743805245,147.0323944091797,69122000,0.0,0.0
2021-11-03,147.3949991515026,148.94353542048876,146.83635841514152,148.4730987548828,54511500,0.0,0.0
2021-11-04,148.56130705778995,149.39437045239575,147.6400246350039,147.9536590576172,60394600,0.0,0.0
2021-11-05,149.08241350820953,149.3866809675717,147.28623804705754,148.4836883544922,65463900,0.22,0.0
2021-11-08,148.61128154130913,148.76832763273148,147.38438703345884,147.65921020507812,55020900,0.0,0.0
2021-11-09,147.4236138587903,148.63087363821072,147.28620229834195,148.0223388671875,56787900,0.0,0.0
2021-11-10,147.246995316425,147.35496264675396,145.11710796060922,145.18580627441406,65187100,0.0,0.0
2021-11-11,146.20655148055175,146.6678499743664,144.95019789623214,145.13668823242188,41000000,0.0,0.0
2021-11-12,145.68633729009179,147.61992400748895,144.75390056803062,147.21751403808594,63804000,0.0,0.0
2021-11-15,147.59048138298093,149.0725793775171,146.66785441394896,147.22732543945312,59222800,0.0,0.0
2021-11-16,147.16845811789992,148.6898103620709,146.5795427405627,148.2088623046875,59256200,0.0,0.0
2021-11-17,148.20886785237,152.13493057693609,148.19905808718525,150.65284729003906,88807000,0.0,0.0
2021-11-18,150.86875026761706,155.73705863714747,150.22094645963304,154.95184326171875,137827700,0.0,0.0
2021-11-19,154.7359171470172,158.04363466373403,153.63662454715842,157.5823211669922,117305600,0.0,0.0
2021-11-22,158.6914443472637,162.6371414846842,158.0240208888666,158.0436553955078,117467900,0.0,0.0
2021-11-23,158.14177423416734,158.80921256910548,156.11985467913553,158.42642211914062,96041900,0.0,0.0
2021-11-24,157.7786188977565,159.14292486333943,156.68913607799328,158.94662475585938,69463600,0.0,0.0
2021-11-26,156.62044578974744,157.48416930217962,153.4697742384674,153.9114532470703,76959800,0.0,0.0
2021-11-29,156.4241473557717,158.21051306195648,155.85486647061634,157.278076171875,88748200,0.0,0.0
2021-11-30,157.03270650001684,162.46048727030927,156.96399321031473,162.2445526123047,174048100,0.0,0.0
2021-12-01,164.38423368988907,167.15211495820313,161.4887655737255,161.72433471679688,152052500,0.0,0.0
2021-12-02,155.80578900771513,161.1648557029123,154.88316196359054,160.7329864501953,136739200,0.0,0.0
2021-12-03,160.98819200859322,161.9108190637314,156.76767195675856,158.84848022460938,118023100,0.0,0.0
2021-12-06,161.2531853471854,164.77683760268036,161.24337558317583,162.26416015625,107497000,0.0,0.0
2021-12-07,165.95466478279718,168.40845386171824,165.22833782381016,168.01583862304688,120405400,0.0,0.0
2021-12-08,168.9482820266579,172.7074885052505,167.54470695562583,171.84375,116998900,0.0,0.0
2021-12-09,171.67687992199998,173.48286484992437,170.70517418411447,171.33334350585938,108923700,0.0,0.0
2021-12-10,171.971363576986,176.309660951534,171.460971245645,176.1329803466797,115402700,0.0,0.0
2021-12-13,177.77209005921313,178.76343034110303,172.28542177740803,172.49154663085938,153237000,0.0,0.0
2021-12-14,172.01061281459928,174.45459210584534,169.02681191245964,171.1076202392578,139380400,0.0,0.0
2021-12-15,171.87318067022332,176.18203313786822,169.12493426102594,175.98573303222656,131063300,0.0,0.0
2021-12-16,175.96609431359246,177.79171370813177,167.59376845508785,169.0758514404297,150185800,0.0,0.0
2021-12-17,166.7889373031069,170.26351088458148,166.55338314622006,167.97657775878906,195432700,0.0,0.0
2021-12-20,165.16946015716837,167.4269492537598,164.3646250741957,166.61228942871094,107499100,0.0,0.0
2021-12-21,168.38881382109983,169.99849880489631,165.9939133625086,169.79238891601562,91185900,0.0,0.0
2021-12-22,169.8414404758155,172.6093214552471,168.96789225444832,172.3933868408203,92135300,0.0,0.0
2021-12-23,172.59951616954052,173.5810317235857,172.03023535098566,173.0215606689453,68356600,0.0,0.0
2021-12-27,173.8165882709296,177.08503690822866,173.7969687428298,176.9967041015625,74919600,0.0,0.0
2021-12-28,176.8298657019043,177.97823723210308,175.22999037629228,175.97593688964844,79144300,0.0,0.0
2021-12-29,176.01517599051218,177.29114913280281,174.84717015203242,176.0642547607422,62348900,0.0,0.0
2021-12-30,176.15258046099905,177.23225345558959,174.79808433628313,174.9060516357422,59773000,0.0,0.0
2021-12-31,174.79811232201894,175.91703952431234,173.9834525641687,174.28773498535156,64062300,0.0,0.0
2022-01-03,174.5429172102293,179.49957387951153,174.4251401333062,178.64564514160156,104487900,0.0,0.0
2022-01-04,179.25420553725706,179.55847298837972,175.80907606705392,176.37835693359375,99310400,0.0,0.0
2022-01-05,176.2900014242933,176.83964771384632,171.4118681394032,171.6866912841797,94537600,0.0,0.0
2022-01-06,169.50772129643173,172.0596675486128,168.46731727841166,168.82066345214844,96904000,0.0,0.0
2022-01-07,169.69424129913546,170.92113587009246,167.86862157848182,168.987548828125,86709100,0.0,0.0
2022-01-10,165.95467253383114,169.31145435336728,165.06148967296951,169.00718688964844,106765600,0.0,0.0
2022-01-11,169.13477238363146,171.9418925722171,167.66249900972133,171.84375,76138300,0.0,0.0
2022-01-12,172.8645062038037,173.90491024436494,171.58854802680634,172.28541564941406,74805200,0.0,0.0
2022-01-13,172.53082457713552,173.35529415174287,168.6145716326397,169.00718688964844,84505800,0.0,0.0
2022-01-14,168.17287788763613,170.56777832766494,167.92749898971087,169.87091064453125,80440800,0.0,0.0
2022-01-18,168.33971425733603,169.35067400164021,166.27854073936825,166.6613311767578,90956700,0.0,0.0
2022-01-19,166.85766697028808,167.91770571060235,162.87271567304091,163.1573486328125,94815000,0.0,0.0
2022-01-20,163.8934762825247,166.54356549753263,161.14522951347425,161.46913146972656,91420500,0.0,0.0
2022-01-21,161.38078458519854,163.25548287606637,159.2999764162496,159.40794372558594,122848900,0.0,0.0
2022-01-24,157.06215216881375,159.30000684733824,151.84048126776224,158.632568359375,162294600,0.0,0.0
2022-01-25,156.04132272716996,159.7514499461909,154.11756082376363,156.8265380859375,115798400,0.0,0.0
2022-01-26,160.47779205545413,161.35134029387297,154.90279093312674,156.73822021484375,108275300,0.0,0.0
2022-01-27,159.44722329665106,160.81152952765763,155.3543046036314,156.2769317626953,121954600,0.0,0.0
2022-01-28,162.64696676990783,167.2011988377615,159.79075260205332,167.1815643310547,179935700,0.0,0.0
2022-01-31,167.0146888598467,171.76522050687674,166.37669476906368,171.54928588867188,115541600,0.0,0.0
2022-02-01,170.7935005023778,171.60816013472234,169.12492720889244,171.38241577148438,86213900,0.0,0.0
2022-02-02,171.51984280427115,172.62896017118422,170.12609251689003,172.58969116210938,84914300,0.0,0.0
2022-02-03,171.25482156772748,172.9822984461671,168.93844437078735,169.7040252685547,89418100,0.0,0.0
2022-02-04,168.72126637937606,171.09957339010344,167.73850034036528,169.41903686523438,82465400,0.22,0.0
2022-02-07,169.88094594072888,170.95215737367448,168.00385912062177,168.70162963867188,77251200,0.0,0.0
2022-02-08,168.77040540578523,172.3280286162116,168.47557259889186,171.81698608398438,74829200,0.0,0.0
2022-02-09,173.01598763252147,173.60563833840823,171.8857975368838,173.2420196533203,71285000,0.0,0.0
2022-02-10,171.13889356700463,172.4557965844286,168.59353288500876,169.15370178222656,90865900,0.0,0.0
2022-02-11,169.36005118788435,170.09712562089828,165.14397703338676,165.733642578125,98670700,0.0,0.0
2022-02-14,164.48557217382995,166.6574920486195,163.68953396046075,165.9695587158203,86185500,0.0,0.0
2022-02-15,168.02349233461683,169.9693646781473,167.3158996650025,169.81211853027344,62527400,0.0,0.0
2022-02-16,168.88834547600229,170.3526572392932,167.11936365193407,169.57627868652344,61177400,0.0,0.0
2022-02-17,168.08250002280826,168.94733906736835,165.5666209795301,165.9695587158203,69589300,0.0,0.0
2022-02-18,166.89332246399607,167.6009001587836,163.32587723184227,164.416748046875,82772700,0.0,0.0
2022-02-22,162.1367428748668,163.81727946148703,159.35551308277192,161.48812866210938,91162800,0.0,0.0
2022-02-23,162.68711897669968,163.2866069910588,156.99690896812956,157.3114013671875,90009200,0.0,0.0
2022-02-24,149.95045639119465,160.04346864256559,149.38045024208816,159.93536376953125,141147500,0.0,0.0
2022-02-25,161.01636896535942,162.274308176353,158.09755290658669,162.00897216796875,91974200,0.0,0.0
2022-02-28,160.24982688187194,162.56915531871957,159.63067948265063,162.27432250976562,95056600,0.0,0.0
2022-03-01,161.86156976875884,163.72883431123614,159.17862257926774,160.38742065429688,83474400,0.0,0.0
2022-03-02,161.55689852854007,164.47571468295504,160.14171312084568,163.6894989013672,79724800,0.0,0.0
2022-03-03,165.56662077426103,165.99904029600498,162.6969453068408,163.36521911621094,76678400,0.0,0.0
2022-03-04,161.65516834266916,162.696897797681,159.30635844072924,160.35791015625,83737200,0.0,0.0
2022-03-07,160.54468531235605,162.17608078588069,156.2991281758325,156.55465698242188,96418800,0.0,0.0
2022-03-08,156.08292186895505,160.0729499038518,153.1149639973743,154.72669982910156,131148300,0.0,0.0
2022-03-09,158.69708659288594,160.59383321427086,156.6627682949814,160.14175415039062,91454900,0.0,0.0
2022-03-10,157.43915662391666,157.625884618307,153.2918816813706,155.78811645507812,105342000,0.0,0.0
2022-03-11,156.1909993742422,156.5349734862068,151.83735301963387,152.06338500976562,96970100,0.0,0.0
2022-03-14,148.83991330847238,151.4638968278343,147.51318815597864,148.0242156982422,108732100,0.0,0.0
2022-03-15,148.29941304803273,152.88894438184133,147.78838542286357,152.41720581054688,92964300,0.0,0.0
2022-03-16,154.34342597712845,157.24258310394316,151.79806526213048,156.8396453857422,102300200,0.0,0.0
2022-03-17,155.8765435805617,158.22535413843605,154.91343692811435,157.85189819335938,75615400,0.0,0.0
2022-03-18,157.7437919035887,161.64537478221072,157.00671727910074,161.15399169921875,123511700,0.0,0.0
2022-03-21,160.692093743218,163.4831611094786,160.20071065000747,162.52987670898438,95811400,0.0,0.0
2022-03-22,162.6576150439786,166.50023417031582,162.06796436975657,165.91058349609375,81532000,0.0,0.0
2022-03-23,165.09488461775757,169.66474104201137,164.76073274272346,167.27662658691406,98062700,0.0,0.0
2022-03-24,168.11196337652208,171.1388847047802,167.27662120536306,171.07009887695312,90131400,0.0,0.0
2022-03-25,170.8833729038462,172.25923943454524,169.77284242104022,171.70889282226562,80546200,0.0,0.0
2022-03-28,169.20282003972102,172.70146459251646,169.03575161959526,172.57371520996094,90371900,0.0,0.0
2022-03-29,173.64494077798946,175.92495028186923,173.30096665224875,175.87582397460938,100589400,0.0,0.0
2022-03-30,175.4728856845117,176.51461532464543,173.6547624474948,174.70632934570312,92633200,0.0,0.0
2022-03-31,174.77511451308345,174.96184246595325,171.39439682863326,171.6007843017578,103049300,0.0,0.0
2022-04-01,171.03079590947166,171.86615315495757,168.9768182066353,171.30596923828125,78751300,0.0,0.0
2022-04-04,171.56147679106857,175.41391791306214,171.43371240572407,175.36477661132812,76468400,0.0,0.0
2022-04-05,174.4409814506257,175.22719732393347,171.41406008567415,172.04302978515625,73401800,0.0,0.0
2022-04-06,169.3895629453013,170.6376800716011,167.19799877542366,168.8686981201172,89058800,0.0,0.0
2022-04-07,168.2102636995684,170.37234630580983,166.92284239749918,169.17337036132812,77594700,0.0,0.0
2022-04-08,168.81956860456353,168.81956860456353,166.28403012969582,167.15869140625,76575500,0.0,0.0
2022-04-11,165.8025036623988,166.1169810703117,162.6478173441477,162.8935089111328,72246700,0.0,0.0
2022-04-12,165.12438053702303,166.9424890030797,163.76815838717138,164.7705841064453,79265200,0.0,0.0
2022-04-13,164.5051976542895,168.0922875017565,163.89588754215904,167.46331787109375,70618900,0.0,0.0
2022-04-14,167.67951999560208,168.3183268545176,162.19568424725855,162.44137573242188,75329400,0.0,0.0
2022-04-18,161.09501447518673,163.72883537462482,160.75105534373716,162.22520446777344,69023900,0.0,0.0
2022-04-19,162.17602683397615,164.92777424823112,161.08515612673216,164.51499938964844,67723800,0.0,0.0
2022-04-20,165.85162307101254,165.9695652154126,163.2374763040021,164.34799194335938,67929800,0.0,0.0
2022-04-21,165.9990185433864,168.57386081804293,163.05072036783037,163.5519256591797,87227800,0.0,0.0
2022-04-22,163.59127092738578,164.9769598952382,158.71674389745084,159.00173950195312,84882400,0.0,0.0
2022-04-25,158.3432742820327,160.35794785043367,155.72912776950562,160.0729522705078,96046400,0.0,0.0
2022-04-26,159.453804965821,159.54225031873102,154.0191094538627,154.0977325439453,95623200,0.0,0.0
2022-04-27,153.2230900346685,157.03621289741787,152.70222512048082,153.87171936035156,88063200,0.0,0.0
2022-04-28,156.50549701980856,161.68467841985887,156.19100467866673,160.81983947753906,130216800,0.0,0.0
2022-04-29,159.05086744995398,163.33572839193604,154.53997449609216,154.93307495117188,131747600,0.0,0.0
2022-05-02,154.00928950852122,155.50308325510557,150.6285715632027,155.2377471923828,123055300,0.0,0.0
2022-05-03,155.4244863871537,157.9403807446754,153.6260372308677,156.7315673828125,88966500,0.0,0.0
2022-05-04,156.91827280667675,163.61090803537846,156.51533507735743,163.15884399414062,108256500,0.0,0.0
2022-05-05,161.0262227132276,161.2522547050873,152.2795959021098,154.0682373046875,130525300,0.0,0.0
2022-05-06,153.54660360417492,156.92245186539364,151.74549742097102,154.7965545654297,116124600,0.23,0.0
2022-05-09,152.48364388073944,153.36944186699063,149.0979741892278,149.65896606445312,131577900,0.0,0.0
2022-05-10,153.0643590542694,154.2650965784608,150.5152434800802,152.07029724121094,115366700,0.0,0.0
2022-05-11,151.07626967706778,152.99547661401954,143.50769063696876,144.18679809570312,142689800,0.0,0.0
2022-05-12,140.5156506463481,143.89148337119573,136.60833616921673,140.3089599609375,182602000,0.0,0.0
2022-05-13,142.30689638670236,145.76148251772236,140.85027003642924,144.787109375,113990900,0.0,0.0
2022-05-16,143.25177981278947,145.19067486728656,141.90340179419994,143.24192810058594,86643800,0.0,0.0
2022-05-17,146.5094945567554,147.40512922042456,144.36390904477065,146.8834991455078,78336300,0.0,0.0
2022-05-18,144.5312355358542,145.03317719827086,137.69096444615863,138.59645080566406,109742900,0.0,0.0
2022-05-19,137.67132497142188,139.42321789277696,134.4431167780582,135.1812744140625,136095600,0.0,0.0
2022-05-20,136.89374952227598,138.47832804040868,130.5160736621358,135.4174346923828,137426100,0.0,0.0
2022-05-23,135.61429152570187,140.99792151579808,135.47650272414663,140.8502960205078,117726300,0.0,0.0
2022-05-24,138.58662935862338,139.728316741357,135.16158222827767,138.14373779296875,104132700,0.0,0.0
2022-05-25,136.24418292623076,139.5511291229351,136.15560763062282,138.3011932373047,92482700,0.0,0.0
2022-05-26,135.22061822713323,142.06087507401406,134.97456571452705,141.5097198486328,90601500,0.0,0.0
2022-05-27,143.09428362757757,147.31653769335477,142.96633152872457,147.2771759033203,90978500,0.0,0.0
2022-05-31,146.71618623300301,148.28107646818216,144.52138720505258,146.48980712890625,103718400,0.0,0.0
2022-06-01,147.53310550206368,149.34406371467995,145.34815761917798,146.36190795898438,74286600,0.0,0.0
2022-06-02,145.49576829817823,148.8814531521364,144.5410833823405,148.82240295410156,72348100,0.0,0.0
2022-06-03,144.58043039547144,145.63354221228246,142.17897081970852,143.08444213867188,88570300,0.0,0.0
2022-06-06,144.70835879928626,146.22405022908106,142.6119872194365,143.83241271972656,71598400,0.0,0.0
2022-06-07,142.0707508127055,146.64732231402076,141.82469825848736,146.36190795898438,67808200,0.0,0.0
2022-06-08,146.23392365623158,147.50354794884595,145.13161326153673,145.62371826171875,53950200,0.0,0.0
2022-06-09,144.75763674117547,145.6138948019082,140.279477367108,140.3877410888672,69473000,0.0,0.0
2022-06-10,138.06497716276021,138.53739375627023,134.89581977133565,134.9647216796875,91437900,0.0,0.0
2022-06-13,130.77199636565416,133.0652077917095,129.36458307542827,129.79763793945312,122207100,0.0,0.0
2022-06-14,131.02787945261767,131.77587363104502,129.40392397478837,130.66371154785156,84784300,0.0,0.0
2022-06-15,132.16956604237166,135.17140981281415,130.0732087681398,133.29156494140625,91533000,0.0,0.0
2022-06-16,129.99442503022874,130.29952764857754,127.00241899293638,128.00631713867188,108123900,0.0,0.0
2022-06-17,128.0162178037558,130.97868486516475,127.76031356055556,129.48268127441406,134520300,0.0,0.0
2022-06-21,131.31328286822668,134.8958062983936,131.21487088907804,133.72459411621094,81000500,0.0,0.0
2022-06-22,132.66165937450523,135.5847642777482,131.7955647861074,133.21282958984375,73409200,0.0,0.0
2022-06-23,134.65961425641447,136.40165507690898,133.48840199836928,136.0867156982422,72433800,0.0,0.0
2022-06-24,137.6909831751248,139.66925503284406,137.56304607780373,139.42320251464844,89116800,0.0,0.0
2022-06-27,140.4467743824865,141.2243087499828,138.74409516157192,139.42320251464844,70207900,0.0,0.0
2022-06-28,139.88578412525837,141.15540852649434,135.1517360213465,135.26983642578125,67083400,0.0,0.0
2022-06-29,135.28951427489562,138.4488199898158,134.51197995876558,137.03155517578125,66242400,0.0,0.0
2022-06-30,135.0828178246583,136.18512818079344,131.65777134820112,134.56118774414062,98964500,0.0,0.0
2022-07-01,133.89194605156405,136.84457658654097,133.51795639594204,136.73631286621094,71051600,0.0,0.0
2022-07-05,135.59463354770725,139.37399683516924,134.767885626568,139.3247833251953,73353800,0.0,0.0
2022-07-06,139.11811267133183,141.84436401241877,138.85237172208522,140.66331481933594,74064300,0.0,0.0
2022-07-07,141.0274435938611,144.23597778940012,141.0176069003368,144.0391387939453,66253700,0.0,0.0
2022-07-08,142.96633860975416,145.22018791054785,142.7104494172261,144.71823120117188,64547800,0.0,0.0
2022-07-11,143.36985996820178,144.32454481016836,141.50970378477396,142.58248901367188,63141600,0.0,0.0
2022-07-12,143.45845774918337,146.10598530220875,142.75967699315206,143.556884765625,77588800,0.0,0.0
2022-07-13,140.73217850583993,144.1375363377061,139.87590568375293,143.1927032470703,71185600,0.0,0.0
2022-07-14,141.80498974783282,146.5980880188513,140.9880935814835,146.12567138671875,78140700,0.0,0.0
2022-07-15,147.4149715696043,148.47792016432717,145.85991797831633,147.79881286621094,76259900,0.0,0.0
2022-07-18,148.3598524014626,149.17674867757293,144.3836347446811,144.747802734375,81420900,0.0,0.0
2022-07-19,145.58433884840355,148.8420714884981,144.59029217223815,148.61570739746094,82982400,0.0,0.0
2022-07-20,148.73382307964516,151.29277530503674,147.99566551668846,150.62350463867188,64823400,0.0,0.0
2022-07-21,152.06044916137068,153.11356109876007,149.54087389527504,152.89703369140625,65086600,0.0,0.0
2022-07-22,152.93642821672114,153.8123747274524,150.98769615131408,151.65695190429688,66675400,0.0,0.0
2022-07-25,151.5781876406526,152.59192281243702,149.8755084226827,150.53492736816406,53623900,0.0,0.0
2022-07-26,149.8558049610543,150.67270104012428,148.41886681163666,149.20623779296875,55138700,0.0,0.0
2022-07-27,150.17075457850913,154.84575179759253,149.75738820549032,154.31427001953125,78620700,0.0,0.0
2022-07-28,154.50128008945563,155.1508622874104,151.97186822338708,154.86544799804688,81378700,0.0,0.0
2022-07-29,158.69404891618413,161.04631055801715,156.98151786037047,159.94398498535156,101786900,0.0,0.0
2022-08-01,158.46764232800993,161.00690586019908,158.34954193697632,158.95974731445312,67829400,0.0,0.0
2022-08-02,157.57203453166576,159.84555733737668,157.10945460814798,157.4834442138672,59907000,0.0,0.0
2022-08-03,158.30032632281717,163.95953359141228,158.2117510307237,163.50680541992188,82507500,0.0,0.0
2022-08-04,163.38868774052628,164.55006328617097,161.83363422359466,163.1918487548828,55474100,0.0,0.0
2022-08-05,160.8560601129534,163.45798329811657,160.64908228561242,162.96519470214844,56697000,0.23,0.0
2022-08-08,163.97050782907365,165.3897416964917,161.8318066678487,162.4921417236328,60276900,0.0,0.0
2022-08-09,161.65436841608152,163.42841029450733,160.89546979944944,162.5413818359375,63135500,0.0,0.0
2022-08-10,165.26157448955212,166.89763621928432,164.49282549147833,166.79908752441406,70170500,0.0,0.0
2022-08-11,167.6072543726192,168.52384897861626,165.76422984138568,166.05990600585938,57149200,0.0,0.0
2022-08-12,167.3707287952548,169.68682621240507,166.9567731335436,169.6178436279297,68039400,0.0,0.0
2022-08-15,169.046181015084,170.8892052991509,168.87863472005176,170.6920928955078,54091700,0.0,0.0
2022-08-16,170.28801428832625,171.20460883381332,169.1841727217911,170.53440856933594,56377100,0.0,0.0
2022-08-17,170.27815992548992,173.60940030005358,170.0810475130616,172.03248596191406,79542000,0.0,0.0
2022-08-18,171.2440198074247,172.37742744821887,170.62310142681395,171.63824462890625,62290100,0.0,0.0
2022-08-19,170.53441975425127,171.23418617524862,168.83922578662404,169.04620361328125,70346300,0.0,0.0
2022-08-22,167.242570986512,167.41011727933045,164.7293465168106,165.1531524658203,69026800,0.0,0.0
2022-08-23,164.6702541399305,166.27674992255248,164.24644808838713,164.81808471679688,54147100,0.0,0.0
2022-08-24,164.90679147316692,165.68539087789364,163.8522166048561,165.11375427246094,53841500,0.0,0.0
2022-08-25,166.34569590450855,167.68608131507673,165.92190498494463,167.57766723632812,51218200,0.0,0.0
2022-08-26,168.10988929542629,168.58296208169574,161.20098435870386,161.26011657714844,78961000,0.0,0.0
2022-08-29,158.82575088680454,160.55051089039753,157.514946518142,159.0524444580078,73314000,0.0,0.0
2022-08-30,159.79161664881417,160.2154075742502,155.44521812063925,156.61805725097656,77906200,0.0,0.0
2022-08-31,157.99788365077418,158.26399371424608,154.87360563007792,154.95245361328125,87991100,0.0,0.0
2022-09-01,154.3807937267726,156.13511973195193,152.43920566957192,155.6817626953125,74229900,0.0,0.0
2022-09-02,157.44593542420824,158.04713803269738,152.73487827783597,153.56275939941406,76957800,0.0,0.0
2022-09-06,154.21327658173306,154.82432967651317,151.47337297526548,152.30125427246094,73714800,0.0,0.0
2022-09-07,152.587044582361,154.41035308350388,151.39448974668554,153.71060180664062,87449600,0.0,0.0
2022-09-08,152.4096354211257,154.10482916146404,150.47789777328236,152.23223876953125,84923800,0.0,0.0
2022-09-09,153.2276750032018,155.54378723487187,152.51805827855026,155.1002655029297,68028800,0.0,0.0
2022-09-12,157.2882631049793,161.89090686431402,157.00245233153106,161.0728759765625,104956000,0.0,0.0
2022-09-13,157.59378043168627,158.2245492067868,151.15796283866058,151.62118530273438,122656600,0.0,0.0
2022-09-14,152.55745729673092,154.83415280049869,151.39448365467393,153.06996154785156,87965400,0.0,0.0
2022-09-15,152.41952410853062,153.00102614754542,149.1966971510488,150.1724090576172,90481100,0.0,0.0
2022-09-16,149.02914328242736,149.16712349652025,146.23009244998983,148.5264892578125,162278800,0.0,0.0
2022-09-19,147.15650634266927,152.3307858345421,146.94954358467322,152.25193786621094,81474200,0.0,0.0
2022-09-20,151.18753429290712,155.80004334278618,150.8721574135687,154.63705444335938,107689800,0.0,0.0
2022-09-21,155.07071436973487,156.4505314848071,151.38466523487358,151.5029296875,101696800,0.0,0.0
2022-09-22,150.18223999013938,152.24209247430875,148.73344048207258,150.53704833984375,86652500,0.0,0.0
2022-09-23,149.00940896271652,149.28536935652284,146.41733629369975,148.26036071777344,96029900,0.0,0.0
2022-09-26,147.50148298209515,151.55220575538115,147.48176722784044,148.59547424316406,93339400,0.0,0.0
2022-09-27,150.53707403917747,152.48851277634017,147.78730509985635,149.57119750976562,84442700,0.0,0.0
2022-09-28,145.5105969943164,148.46732818361193,142.75097820989805,147.67886352539062,146691400,0.0,0.0
2022-09-29,143.99283321708396,144.603886261403,138.65099162276434,140.42503356933594,128138200,0.0,0.0
2022-09-30,139.2423515609022,141.03610936010895,136.00965940990883,136.20677185058594,124925300,0.0,0.0
2022-10-03,136.21660973950978,141.00651477037042,135.7041054662748,140.39544677734375,114311700,0.0,0.0
2022-10-04,142.9382384476115,144.11107754403744,142.1793399077984,143.99281311035156,87830100,0.0,0.0
2022-10-05,141.99208622138215,145.25434369926734,140.94736196435568,144.28846740722656,79471000,0.0,0.0
2022-10-06,143.7069978739473,145.41204208560697,143.12551098076761,143.3324737548828,68402200,0.0,0.0
2022-10-07,140.4841648717613,141.03610072606975,137.4387349893986,138.0695037841797,85925600,0.0,0.0
2022-10-10,138.39474487304688,139.84354452092543,136.5714361256321,138.39474487304688,74899000,0.0,0.0
2022-10-11,137.8822234673554,139.31132222277216,136.22646123968164,136.97549438476562,77033700,0.0,0.0
2022-10-12,137.12337155166935,138.33562739322105,136.16736038855555,136.34475708007812,70433700,0.0,0.0
2022-10-13,133.04307103462438,141.51902589270472,132.43200294708785,140.9276885986328,113224000,0.0,0.0
2022-10-14,142.22863580040965,142.43561361849277,136.19690846794037,136.38417053222656,88598000,0.0,0.0
2022-10-17,139.035378783641,140.83897177317823,138.24691403880277,140.35604858398438,85250900,0.0,0.0
2022-10-18,143.39162165141138,144.58416155365336,138.58200045824861,141.6767120361328,99136600,0.0,0.0
2022-10-19,139.6464402055219,142.8594165632396,139.4591781255194,141.78514099121094,61758300,0.0,0.0
2022-10-20,140.95724070036255,143.7858421579012,140.59256694794956,141.3218994140625,64522000,0.0,0.0
2022-10-21,140.80938705437833,145.71757154709675,140.59255890223196,145.14593505859375,86548600,0.0,0.0
2022-10-24,145.06709579621315,148.06324356402658,143.89425664068742,147.29449462890625,75981900,0.0,0.0
2022-10-25,147.92527363612152,150.2906678641537,147.20580651383366,150.142822265625,74732300,0.0,0.0
2022-10-26,148.78273318220164,149.7978764436125,145.9048346701109,147.19595336914062,88194300,0.0,0.0
2022-10-27,145.934419951747,146.900281375259,142.0512434645865,142.71157836914062,109180200,0.0,0.0
2022-10-28,146.0625150725111,155.22838459945976,145.68800602170657,153.4937744140625,164762400,0.0,0.0
2022-10-31,150.9510060343384,152.01543120421692,149.7288849047636,151.12840270996094,97943200,0.0,0.0
2022-11-01,152.8433340164017,153.20799281581503,146.9791519154273,148.4772186279297,80379300,0.0,0.0
2022-11-02,146.80167682155482,149.97523565506677,142.90865105906707,142.93821716308594,93604600,0.0,0.0
2022-11-03,140.01104988328393,140.74038219215268,136.7487927999789,136.87692260742188,97918500,0.0,0.0
2022-11-04,140.27296098274414,140.8455457973991,132.6615642734104,136.61041259765625,140814800,0.23,0.0
2022-11-07,135.3566724049037,137.37057876993973,133.935084352566,137.14352416992188,83374600,0.0,0.0
2022-11-08,138.61446164278013,139.6214071902777,135.7318039714629,137.71609497070312,89908500,0.0,0.0
2022-11-09,136.72886334632145,136.77822695953947,132.86886077303504,133.14527893066406,74917800,0.0,0.0
2022-11-10,139.43385733276594,144.99185180664062,137.71610267221538,144.99185180664062,118854000,0.0,0.0
2022-11-11,143.95530165231426,148.091708444915,142.52383179784763,147.78567504882812,93979700,0.0,0.0
2022-11-14,147.06496772898868,148.35821299381362,145.54465286622803,146.3837890625,73374100,0.0,0.0
2022-11-15,150.2734377369584,151.6259135896167,146.66023757913166,148.12130737304688,89868300,0.0,0.0
2022-11-16,147.22294689122086,147.9534742124063,145.4064651591236,146.8872833251953,64218300,0.0,0.0
2022-11-17,144.5574692004244,149.5428936157141,144.28105100101916,148.79261779785156,80389400,0.0,0.0
2022-11-18,150.36229211178835,150.74730427835462,148.05221911239073,149.35533142089844,74829600,0.0,0.0
2022-11-21,148.2397789385964,148.4470850528785,145.83097890062086,146.1172637939453,58724100,0.0,0.0
2022-11-22,146.23571841721474,148.49642726977405,145.05105196598853,148.25949096679688,51804100,0.0,0.0
2022-11-23,147.53882889151882,149.88839824806996,147.43023497007337,149.13812255859375,58301400,0.0,0.0
2022-11-25,146.41342757107319,146.97614571181424,145.23864273436385,146.2159881591797,35195900,0.0,0.0
2022-11-28,143.2839657599813,144.7647839323927,141.54647786060335,142.375732421875,69246000,0.0,0.0
2022-11-29,142.44481218129837,142.95816663670598,138.55520957308642,139.36471557617188,83763800,0.0,0.0
2022-11-30,139.59178750228543,146.81818743880567,138.75266623992653,146.1370086669922,111380900,0.0,0.0
2022-12-01,146.3147094607483,147.22294276953917,144.73516410236186,146.41342163085938,71250400,0.0,0.0
2022-12-02,144.09349682237342,146.10740304717433,143.78744839224407,145.91983032226562,65447400,0.0,0.0
2022-12-05,145.88034988563246,148.99006226616046,143.90592550087496,144.7549285888672,68826400,0.0,0.0
2022-12-06,145.18927938388143,145.41633393123826,140.1051284296616,141.0824737548828,64727200,0.0,0.0
2022-12-07,140.37167982245785,141.536582777895,138.20968308402922,139.13766479492188,69721100,0.0,0.0
2022-12-08,140.53953599940877,141.68470582050676,139.2956539918693,140.82582092285156,62128300,0.0,0.0
2022-12-09,140.51977775341376,143.70848393310538,139.09818980739163,140.3420867919922,76097000,0.0,0.0
2022-12-12,140.87515496362036,142.65213964669184,139.25612782207975,142.64227294921875,70462700,0.0,0.0
2022-12-13,147.58822033452066,148.05221126240446,142.39548971088675,143.60975646972656,93886200,0.0,0.0
2022-12-14,143.49129555982842,144.78454109797417,139.35487413932952,141.378662109375,82291200,0.0,0.0
2022-12-15,139.3054883080985,139.98666700994897,134.29044945457875,134.7544403076172,98931900,0.0,0.0
2022-12-16,134.94203206743774,135.8897473019235,132.01987745650547,132.78990173339844,160156900,0.0,0.0
2022-12-19,133.3822123650824,133.47105782876667,129.64068555678134,130.67724609375,79592600,0.0,0.0
2022-12-20,129.70981804392392,131.54603344731098,128.2289996561493,130.60818481445312,77432800,0.0,0.0
2022-12-21,131.27943511713806,135.06045852691952,131.0523805964525,133.7178497314453,85928000,0.0,0.0
2022-12-22,132.63196256739838,132.83926868979583,128.63375022087482,130.5390625,77852100,0.0,0.0
2022-12-23,129.2457854554959,130.72660336639342,127.98215537662273,130.17376708984375,63814900,0.0,0.0
2022-12-27,129.69991443642402,129.72952959065904,127.07392696075074,128.36717224121094,69007800,0.0,0.0
2022-12-28,128.0117765700734,129.35438547518544,124.26037553788484,124.4281997680664,85438400,0.0,0.0
2022-12-29,126.3532816511138,128.81143780896,126.09661191364768,127.95256805419922,75703700,0.0,0.0
2022-12-30,126.76791156272077,128.28821159493137,125.80044037402875,128.26846313476562,77034200,0.0,0.0
